-- phpMyAdmin SQL Dump
-- version 5.2.0
-- https://www.phpmyadmin.net/
--
-- Host: 127.0.0.1
-- Generation Time: Jun 01, 2023 at 08:13 PM
-- Server version: 10.4.25-MariaDB
-- PHP Version: 8.1.10

SET SQL_MODE = "NO_AUTO_VALUE_ON_ZERO";
START TRANSACTION;
SET time_zone = "+00:00";


/*!40101 SET @OLD_CHARACTER_SET_CLIENT=@@CHARACTER_SET_CLIENT */;
/*!40101 SET @OLD_CHARACTER_SET_RESULTS=@@CHARACTER_SET_RESULTS */;
/*!40101 SET @OLD_COLLATION_CONNECTION=@@COLLATION_CONNECTION */;
/*!40101 SET NAMES utf8mb4 */;

--
-- Database: `ecomm`
--

-- --------------------------------------------------------

--
-- Table structure for table `cart`
--

CREATE TABLE `cart` (
  `id` int(11) NOT NULL,
  `user_id` varchar(11) NOT NULL,
  `product_id` int(11) NOT NULL,
  `quantity` int(11) NOT NULL,
  `cart_order` int(1) NOT NULL DEFAULT 0
) ENGINE=InnoDB DEFAULT CHARSET=latin1;

--
-- Dumping data for table `cart`
--

INSERT INTO `cart` (`id`, `user_id`, `product_id`, `quantity`, `cart_order`) VALUES
(13, '0', 1, 1, 0),
(14, '0', 1, 1, 0),
(15, '0', 1, 1, 0),
(16, '0', 1, 1, 0),
(17, '0', 1, 1, 0),
(19, '0', 1, 1, 0),
(37, '15', 8, 1, 0),
(38, '15', 7, 1, 0),
(39, '15', 33, 1, 0),
(40, '15', 33, 1, 0),
(41, '15', 33, 1, 0),
(42, '15', 35, 1, 0),
(43, '0', 34, 1, 0),
(44, '0', 33, 1, 0),
(45, '0', 35, 1, 0),
(46, '0', 33, 1, 0),
(47, '0', 34, 1, 0),
(48, '0', 35, 1, 0),
(49, '0', 35, 1, 0),
(50, '0', 36, 1, 0),
(51, '0', 33, 1, 0),
(52, '0', 33, 1, 0),
(53, '0', 33, 1, 0),
(54, '0', 33, 1, 0),
(68, '\"14\"', 33, 1, 0),
(69, '\"14\"', 34, 1, 0),
(70, '\"14\"', 33, 1, 0);

-- --------------------------------------------------------

--
-- Table structure for table `category`
--

CREATE TABLE `category` (
  `id` int(11) NOT NULL,
  `name` varchar(100) NOT NULL,
  `cat_slug` varchar(150) NOT NULL
) ENGINE=InnoDB DEFAULT CHARSET=latin1;

--
-- Dumping data for table `category`
--

INSERT INTO `category` (`id`, `name`, `cat_slug`) VALUES
(6, 'Aquafina', ''),
(7, 'Nestle', ''),
(8, 'Dasani', '');

-- --------------------------------------------------------

--
-- Table structure for table `delivery_details`
--

CREATE TABLE `delivery_details` (
  `id` int(11) NOT NULL,
  `sale_id` int(11) NOT NULL,
  `customer_name` varchar(250) NOT NULL,
  `phone_no` varchar(20) NOT NULL,
  `email` varchar(250) NOT NULL,
  `address` varchar(250) NOT NULL,
  `other_information` text NOT NULL,
  `latitude` varchar(250) NOT NULL,
  `longitude` varchar(250) NOT NULL
) ENGINE=InnoDB DEFAULT CHARSET=utf8mb4;

--
-- Dumping data for table `delivery_details`
--

INSERT INTO `delivery_details` (`id`, `sale_id`, `customer_name`, `phone_no`, `email`, `address`, `other_information`, `latitude`, `longitude`) VALUES
(1, 70, 'Afzaal Hussain', '', 'afzaal@panilao.com', '', '', '', ''),
(2, 71, 'Afzaal Hussain', '', 'afzaal@panilao.com', '', '', '', ''),
(3, 72, 'Afzaal Hussain', '', 'afzaal@panilao.com', '', '', '', ''),
(4, 73, 'Afzaal Hussain', '', 'afzaal@panilao.com', '', '', '', ''),
(5, 74, 'Afzaal Hussain', '', 'afzaal@panilao.com', '', '', '', ''),
(6, 75, 'Afzaal Hussain', '', 'afzaal@panilao.com', '', '', '', ''),
(7, 76, 'Afzaal Hussain', '', 'afzaal@panilao.com', 'City Campus KIET', 'No Other Info', '37.89876', '-196.986687'),
(8, 77, 'Afzaal Hussain', '', 'afzaal@panilao.com', 'City Campus KIET', 'No Other Info', '37.89876', '-196.986687'),
(9, 78, 'Afzaal Hussain', '', 'afzaal@panilao.com', 'City Campus KIET', 'No Other Info', '37.89876', '-196.986687'),
(10, 79, 'Afzaal Hussain', '', 'afzaal@panilao.com', 'City Campus KIET', 'No Other Info', '37.89876', '-196.986687');

-- --------------------------------------------------------

--
-- Table structure for table `details`
--

CREATE TABLE `details` (
  `id` int(11) NOT NULL,
  `sales_id` int(11) NOT NULL,
  `product_id` int(11) NOT NULL,
  `quantity` int(11) NOT NULL
) ENGINE=InnoDB DEFAULT CHARSET=latin1;

--
-- Dumping data for table `details`
--

INSERT INTO `details` (`id`, `sales_id`, `product_id`, `quantity`) VALUES
(14, 9, 11, 2),
(15, 9, 13, 5),
(16, 9, 3, 2),
(17, 9, 1, 3),
(18, 10, 13, 3),
(19, 10, 2, 4),
(20, 10, 19, 5),
(21, 38, 12, 2),
(22, 53, 0, 2),
(23, 53, 0, 3),
(24, 54, 0, 2),
(25, 54, 0, 3),
(26, 55, 12, 2),
(27, 55, 13, 3),
(28, 58, 12, 2),
(29, 58, 13, 3),
(30, 59, 33, 2),
(31, 59, 34, 3),
(32, 60, 33, 2),
(33, 60, 34, 3),
(34, 61, 33, 1),
(35, 61, 33, 1),
(36, 61, 34, 1),
(37, 62, 33, 1),
(38, 62, 33, 1),
(39, 62, 34, 1),
(40, 63, 33, 1),
(41, 63, 33, 1),
(42, 63, 34, 1),
(43, 64, 33, 1),
(44, 64, 33, 1),
(45, 64, 34, 1),
(46, 65, 33, 1),
(47, 65, 33, 1),
(48, 65, 34, 1),
(49, 66, 33, 1),
(50, 66, 33, 1),
(51, 66, 34, 1),
(52, 67, 33, 1),
(53, 67, 33, 1),
(54, 67, 34, 1),
(55, 68, 33, 1),
(56, 68, 33, 1),
(57, 68, 34, 1),
(58, 69, 33, 1),
(59, 69, 33, 1),
(60, 69, 34, 1),
(61, 70, 33, 1),
(62, 70, 33, 1),
(63, 70, 34, 1),
(64, 75, 34, 1),
(65, 76, 0, 0),
(66, 76, 0, 0),
(67, 76, 0, 0),
(68, 76, 0, 0),
(69, 76, 0, 0),
(70, 76, 0, 0),
(71, 76, 0, 0),
(72, 76, 0, 0),
(73, 76, 0, 0),
(74, 76, 0, 0),
(75, 76, 0, 0),
(76, 76, 0, 0),
(77, 76, 0, 0),
(78, 76, 0, 0),
(79, 76, 0, 0),
(80, 76, 0, 0),
(81, 76, 0, 0),
(82, 76, 0, 0),
(83, 76, 0, 0),
(84, 76, 0, 0),
(85, 76, 0, 0),
(86, 76, 0, 0),
(87, 76, 0, 0),
(88, 76, 0, 0),
(89, 76, 0, 0),
(90, 76, 0, 0),
(91, 76, 0, 0),
(92, 76, 0, 0),
(93, 76, 0, 0),
(94, 76, 0, 0),
(95, 76, 0, 0),
(96, 76, 0, 0),
(97, 76, 0, 0),
(98, 76, 0, 0),
(99, 76, 0, 0),
(100, 76, 0, 0),
(101, 76, 0, 0),
(102, 76, 0, 0),
(103, 76, 0, 0),
(104, 76, 0, 0),
(105, 76, 0, 0),
(106, 76, 0, 0),
(107, 76, 0, 0),
(108, 76, 0, 0),
(109, 76, 0, 0),
(110, 76, 0, 0),
(111, 76, 0, 0),
(112, 76, 0, 0),
(113, 76, 0, 0),
(114, 76, 0, 0),
(115, 76, 0, 0),
(116, 76, 0, 0),
(117, 76, 0, 0),
(118, 76, 0, 0),
(119, 76, 0, 0),
(120, 76, 0, 0),
(121, 76, 0, 0),
(122, 76, 0, 0),
(123, 76, 0, 0),
(124, 76, 0, 0),
(125, 76, 0, 0),
(126, 76, 0, 0),
(127, 76, 0, 0),
(128, 76, 0, 0),
(129, 76, 0, 0),
(130, 76, 0, 0),
(131, 76, 0, 0),
(132, 76, 0, 0),
(133, 76, 0, 0),
(134, 76, 0, 0),
(135, 76, 0, 0),
(136, 76, 0, 0),
(137, 76, 0, 0),
(138, 76, 0, 0),
(139, 76, 0, 0),
(140, 76, 0, 0),
(141, 76, 0, 0),
(142, 76, 0, 0),
(143, 76, 0, 0),
(144, 76, 0, 0),
(145, 76, 0, 0),
(146, 76, 0, 0),
(147, 76, 0, 0),
(148, 76, 0, 0),
(149, 76, 0, 0),
(150, 76, 0, 0),
(151, 76, 0, 0),
(152, 76, 0, 0),
(153, 76, 0, 0),
(154, 76, 0, 0),
(155, 76, 0, 0),
(156, 76, 0, 0),
(157, 76, 0, 0),
(158, 76, 0, 0),
(159, 76, 0, 0),
(160, 76, 0, 0),
(161, 76, 0, 0),
(162, 76, 0, 0),
(163, 76, 0, 0),
(164, 76, 0, 0),
(165, 76, 0, 0),
(166, 76, 0, 0),
(167, 76, 0, 0),
(168, 76, 0, 0),
(169, 76, 0, 0),
(170, 76, 0, 0),
(171, 76, 0, 0),
(172, 76, 0, 0),
(173, 76, 0, 0),
(174, 76, 0, 0),
(175, 76, 0, 0),
(176, 76, 0, 0),
(177, 76, 0, 0),
(178, 76, 0, 0),
(179, 76, 0, 0),
(180, 76, 0, 0),
(181, 76, 0, 0),
(182, 76, 0, 0),
(183, 76, 0, 0),
(184, 76, 0, 0),
(185, 76, 0, 0),
(186, 76, 0, 0),
(187, 76, 0, 0),
(188, 76, 0, 0),
(189, 76, 0, 0),
(190, 76, 0, 0),
(191, 76, 0, 0),
(192, 76, 0, 0),
(193, 76, 0, 0),
(194, 76, 0, 0),
(195, 76, 0, 0),
(196, 76, 0, 0),
(197, 76, 0, 0),
(198, 76, 0, 0),
(199, 76, 0, 0),
(200, 76, 0, 0),
(201, 76, 0, 0),
(202, 76, 0, 0),
(203, 76, 0, 0),
(204, 76, 0, 0),
(205, 76, 0, 0),
(206, 76, 0, 0),
(207, 76, 0, 0),
(208, 76, 0, 0),
(209, 76, 0, 0),
(210, 76, 0, 0),
(211, 76, 0, 0),
(212, 76, 0, 0),
(213, 76, 0, 0),
(214, 76, 0, 0),
(215, 76, 0, 0),
(216, 76, 0, 0),
(217, 76, 0, 0),
(218, 76, 0, 0),
(219, 76, 0, 0),
(220, 76, 0, 0),
(221, 76, 0, 0),
(222, 76, 0, 0),
(223, 76, 0, 0),
(224, 76, 0, 0),
(225, 76, 0, 0),
(226, 76, 0, 0),
(227, 76, 0, 0),
(228, 76, 0, 0),
(229, 76, 0, 0),
(230, 76, 0, 0),
(231, 76, 0, 0),
(232, 76, 0, 0),
(233, 76, 0, 0),
(234, 76, 0, 0),
(235, 76, 0, 0),
(236, 76, 0, 0),
(237, 76, 0, 0),
(238, 76, 0, 0),
(239, 76, 0, 0),
(240, 76, 0, 0),
(241, 76, 0, 0),
(242, 76, 0, 0),
(243, 76, 0, 0),
(244, 76, 0, 0),
(245, 76, 0, 0),
(246, 76, 0, 0),
(247, 76, 0, 0),
(248, 76, 0, 0),
(249, 76, 0, 0),
(250, 76, 0, 0),
(251, 76, 0, 0),
(252, 76, 0, 0),
(253, 76, 0, 0),
(254, 76, 0, 0),
(255, 76, 0, 0),
(256, 76, 0, 0),
(257, 76, 0, 0),
(258, 76, 0, 0),
(259, 76, 0, 0),
(260, 76, 0, 0),
(261, 76, 0, 0),
(262, 76, 0, 0),
(263, 76, 0, 0),
(264, 76, 0, 0),
(265, 76, 0, 0),
(266, 76, 0, 0),
(267, 76, 0, 0),
(268, 76, 0, 0),
(269, 76, 0, 0),
(270, 76, 0, 0),
(271, 76, 0, 0),
(272, 76, 0, 0),
(273, 76, 0, 0),
(274, 76, 0, 0),
(275, 76, 0, 0),
(276, 76, 0, 0),
(277, 76, 0, 0),
(278, 76, 0, 0),
(279, 76, 0, 0),
(280, 76, 0, 0),
(281, 76, 0, 0),
(282, 76, 0, 0),
(283, 76, 0, 0),
(284, 76, 0, 0),
(285, 76, 0, 0),
(286, 76, 0, 0),
(287, 76, 0, 0),
(288, 76, 0, 0),
(289, 76, 0, 0),
(290, 76, 0, 0),
(291, 76, 0, 0),
(292, 76, 0, 0),
(293, 76, 0, 0),
(294, 76, 0, 0),
(295, 76, 0, 0),
(296, 76, 0, 0),
(297, 76, 0, 0),
(298, 76, 0, 0),
(299, 76, 0, 0),
(300, 76, 0, 0),
(301, 76, 0, 0),
(302, 76, 0, 0),
(303, 76, 0, 0),
(304, 76, 0, 0),
(305, 76, 0, 0),
(306, 76, 0, 0),
(307, 76, 0, 0),
(308, 76, 0, 0),
(309, 76, 0, 0),
(310, 76, 0, 0),
(311, 76, 0, 0),
(312, 76, 0, 0),
(313, 76, 0, 0),
(314, 76, 0, 0),
(315, 76, 0, 0),
(316, 76, 0, 0),
(317, 76, 0, 0),
(318, 76, 0, 0),
(319, 76, 0, 0),
(320, 76, 0, 0),
(321, 76, 0, 0),
(322, 76, 0, 0),
(323, 76, 0, 0),
(324, 76, 0, 0),
(325, 76, 0, 0),
(326, 76, 0, 0),
(327, 76, 0, 0),
(328, 76, 0, 0),
(329, 76, 0, 0),
(330, 76, 0, 0),
(331, 76, 0, 0),
(332, 76, 0, 0),
(333, 76, 0, 0),
(334, 76, 0, 0),
(335, 76, 0, 0),
(336, 76, 0, 0),
(337, 76, 0, 0),
(338, 76, 0, 0),
(339, 76, 0, 0),
(340, 76, 0, 0),
(341, 76, 0, 0),
(342, 76, 0, 0),
(343, 76, 0, 0),
(344, 76, 0, 0),
(345, 76, 0, 0),
(346, 76, 0, 0),
(347, 76, 0, 0),
(348, 76, 0, 0),
(349, 76, 0, 0),
(350, 76, 0, 0),
(351, 76, 0, 0),
(352, 76, 0, 0),
(353, 76, 0, 0),
(354, 76, 0, 0),
(355, 76, 0, 0),
(356, 76, 0, 0),
(357, 76, 0, 0),
(358, 76, 0, 0),
(359, 76, 0, 0),
(360, 76, 0, 0),
(361, 76, 0, 0),
(362, 76, 0, 0),
(363, 76, 0, 0),
(364, 76, 0, 0),
(365, 76, 0, 0),
(366, 76, 0, 0),
(367, 76, 0, 0),
(368, 76, 0, 0),
(369, 76, 0, 0),
(370, 76, 0, 0),
(371, 76, 0, 0),
(372, 76, 0, 0),
(373, 76, 0, 0),
(374, 76, 0, 0),
(375, 76, 0, 0),
(376, 76, 0, 0),
(377, 76, 0, 0),
(378, 76, 0, 0),
(379, 76, 0, 0),
(380, 76, 0, 0),
(381, 76, 0, 0),
(382, 76, 0, 0),
(383, 76, 0, 0),
(384, 76, 0, 0),
(385, 76, 0, 0),
(386, 76, 0, 0),
(387, 76, 0, 0),
(388, 76, 0, 0),
(389, 76, 0, 0),
(390, 76, 0, 0),
(391, 76, 0, 0),
(392, 76, 0, 0),
(393, 76, 0, 0),
(394, 76, 0, 0),
(395, 76, 0, 0),
(396, 76, 0, 0),
(397, 76, 0, 0),
(398, 76, 0, 0),
(399, 76, 0, 0),
(400, 76, 0, 0),
(401, 76, 0, 0),
(402, 76, 0, 0),
(403, 76, 0, 0),
(404, 76, 0, 0),
(405, 76, 0, 0),
(406, 76, 0, 0),
(407, 76, 0, 0),
(408, 76, 0, 0),
(409, 76, 0, 0),
(410, 76, 0, 0),
(411, 76, 0, 0),
(412, 76, 0, 0),
(413, 76, 0, 0),
(414, 76, 0, 0),
(415, 76, 0, 0),
(416, 76, 0, 0),
(417, 76, 0, 0),
(418, 76, 0, 0),
(419, 76, 0, 0),
(420, 76, 0, 0),
(421, 76, 0, 0),
(422, 76, 0, 0),
(423, 76, 0, 0),
(424, 76, 0, 0),
(425, 76, 0, 0),
(426, 76, 0, 0),
(427, 76, 0, 0),
(428, 76, 0, 0),
(429, 76, 0, 0),
(430, 76, 0, 0),
(431, 76, 0, 0),
(432, 76, 0, 0),
(433, 76, 0, 0),
(434, 76, 0, 0),
(435, 76, 0, 0),
(436, 76, 0, 0),
(437, 76, 0, 0),
(438, 76, 0, 0),
(439, 76, 0, 0),
(440, 76, 0, 0),
(441, 76, 0, 0),
(442, 76, 0, 0),
(443, 76, 0, 0),
(444, 76, 0, 0),
(445, 76, 0, 0),
(446, 76, 0, 0),
(447, 76, 0, 0),
(448, 76, 0, 0),
(449, 76, 0, 0),
(450, 76, 0, 0),
(451, 76, 0, 0),
(452, 76, 0, 0),
(453, 76, 0, 0),
(454, 76, 0, 0),
(455, 76, 0, 0),
(456, 76, 0, 0),
(457, 76, 0, 0),
(458, 76, 0, 0),
(459, 76, 0, 0),
(460, 76, 0, 0),
(461, 76, 0, 0),
(462, 76, 0, 0),
(463, 76, 0, 0),
(464, 76, 0, 0),
(465, 76, 0, 0),
(466, 76, 0, 0),
(467, 76, 0, 0),
(468, 76, 0, 0),
(469, 76, 0, 0),
(470, 76, 0, 0),
(471, 76, 0, 0),
(472, 76, 0, 0),
(473, 76, 0, 0),
(474, 76, 0, 0),
(475, 76, 0, 0),
(476, 76, 0, 0),
(477, 76, 0, 0),
(478, 76, 0, 0),
(479, 76, 0, 0),
(480, 76, 0, 0),
(481, 76, 0, 0),
(482, 76, 0, 0),
(483, 76, 0, 0),
(484, 76, 0, 0),
(485, 76, 0, 0),
(486, 76, 0, 0),
(487, 76, 0, 0),
(488, 76, 0, 0),
(489, 76, 0, 0),
(490, 76, 0, 0),
(491, 76, 0, 0),
(492, 76, 0, 0),
(493, 76, 0, 0),
(494, 76, 0, 0),
(495, 76, 0, 0),
(496, 76, 0, 0),
(497, 76, 0, 0),
(498, 76, 0, 0),
(499, 76, 0, 0),
(500, 76, 0, 0),
(501, 76, 0, 0),
(502, 76, 0, 0),
(503, 76, 0, 0),
(504, 76, 0, 0),
(505, 76, 0, 0),
(506, 76, 0, 0),
(507, 76, 0, 0),
(508, 76, 0, 0),
(509, 76, 0, 0),
(510, 76, 0, 0),
(511, 76, 0, 0),
(512, 76, 0, 0),
(513, 76, 0, 0),
(514, 76, 0, 0),
(515, 76, 0, 0),
(516, 76, 0, 0),
(517, 76, 0, 0),
(518, 76, 0, 0),
(519, 76, 0, 0),
(520, 76, 0, 0),
(521, 76, 0, 0),
(522, 76, 0, 0),
(523, 76, 0, 0),
(524, 76, 0, 0),
(525, 76, 0, 0),
(526, 76, 0, 0),
(527, 76, 0, 0),
(528, 76, 0, 0),
(529, 76, 0, 0),
(530, 76, 0, 0),
(531, 76, 0, 0),
(532, 76, 0, 0),
(533, 76, 0, 0),
(534, 76, 0, 0),
(535, 76, 0, 0),
(536, 76, 0, 0),
(537, 76, 0, 0),
(538, 76, 0, 0),
(539, 76, 0, 0),
(540, 76, 0, 0),
(541, 76, 0, 0),
(542, 76, 0, 0),
(543, 76, 0, 0),
(544, 76, 0, 0),
(545, 76, 0, 0),
(546, 76, 0, 0),
(547, 76, 0, 0),
(548, 76, 0, 0),
(549, 76, 0, 0),
(550, 76, 0, 0),
(551, 76, 0, 0),
(552, 76, 0, 0),
(553, 76, 0, 0),
(554, 76, 0, 0),
(555, 76, 0, 0),
(556, 76, 0, 0),
(557, 76, 0, 0),
(558, 76, 0, 0),
(559, 76, 0, 0),
(560, 76, 0, 0),
(561, 76, 0, 0),
(562, 76, 0, 0),
(563, 76, 0, 0),
(564, 76, 0, 0),
(565, 76, 0, 0),
(566, 76, 0, 0),
(567, 76, 0, 0),
(568, 76, 0, 0),
(569, 76, 0, 0),
(570, 76, 0, 0),
(571, 76, 0, 0),
(572, 76, 0, 0),
(573, 76, 0, 0),
(574, 76, 0, 0),
(575, 76, 0, 0),
(576, 76, 0, 0),
(577, 76, 0, 0),
(578, 76, 0, 0),
(579, 76, 0, 0),
(580, 76, 0, 0),
(581, 76, 0, 0),
(582, 76, 0, 0),
(583, 76, 0, 0),
(584, 76, 0, 0),
(585, 76, 0, 0),
(586, 76, 0, 0),
(587, 76, 0, 0),
(588, 76, 0, 0),
(589, 76, 0, 0),
(590, 76, 0, 0),
(591, 76, 0, 0),
(592, 76, 0, 0),
(593, 76, 0, 0),
(594, 76, 0, 0),
(595, 76, 0, 0),
(596, 76, 0, 0),
(597, 76, 0, 0),
(598, 76, 0, 0),
(599, 76, 0, 0),
(600, 76, 0, 0),
(601, 76, 0, 0),
(602, 76, 0, 0),
(603, 76, 0, 0),
(604, 76, 0, 0),
(605, 76, 0, 0),
(606, 76, 0, 0),
(607, 76, 0, 0),
(608, 76, 0, 0),
(609, 76, 0, 0),
(610, 76, 0, 0),
(611, 76, 0, 0),
(612, 76, 0, 0),
(613, 76, 0, 0),
(614, 76, 0, 0),
(615, 76, 0, 0),
(616, 76, 0, 0),
(617, 76, 0, 0),
(618, 76, 0, 0),
(619, 76, 0, 0),
(620, 76, 0, 0),
(621, 76, 0, 0),
(622, 76, 0, 0),
(623, 76, 0, 0),
(624, 76, 0, 0),
(625, 76, 0, 0),
(626, 76, 0, 0),
(627, 76, 0, 0),
(628, 76, 0, 0),
(629, 76, 0, 0),
(630, 76, 0, 0),
(631, 76, 0, 0),
(632, 76, 0, 0),
(633, 76, 0, 0),
(634, 76, 0, 0),
(635, 76, 0, 0),
(636, 76, 0, 0),
(637, 76, 0, 0),
(638, 76, 0, 0),
(639, 76, 0, 0),
(640, 76, 0, 0),
(641, 76, 0, 0),
(642, 76, 0, 0),
(643, 76, 0, 0),
(644, 76, 0, 0),
(645, 76, 0, 0),
(646, 76, 0, 0),
(647, 76, 0, 0),
(648, 76, 0, 0),
(649, 76, 0, 0),
(650, 76, 0, 0),
(651, 76, 0, 0),
(652, 76, 0, 0),
(653, 76, 0, 0),
(654, 76, 0, 0),
(655, 76, 0, 0),
(656, 76, 0, 0),
(657, 76, 0, 0),
(658, 76, 0, 0),
(659, 76, 0, 0),
(660, 76, 0, 0),
(661, 76, 0, 0),
(662, 76, 0, 0),
(663, 76, 0, 0),
(664, 76, 0, 0),
(665, 76, 0, 0),
(666, 76, 0, 0),
(667, 76, 0, 0),
(668, 76, 0, 0),
(669, 76, 0, 0),
(670, 76, 0, 0),
(671, 76, 0, 0),
(672, 76, 0, 0),
(673, 76, 0, 0),
(674, 76, 0, 0),
(675, 76, 0, 0),
(676, 76, 0, 0),
(677, 76, 0, 0),
(678, 76, 0, 0),
(679, 76, 0, 0),
(680, 76, 0, 0),
(681, 76, 0, 0),
(682, 76, 0, 0),
(683, 76, 0, 0),
(684, 76, 0, 0),
(685, 76, 0, 0),
(686, 76, 0, 0),
(687, 76, 0, 0),
(688, 76, 0, 0),
(689, 76, 0, 0),
(690, 76, 0, 0),
(691, 76, 0, 0),
(692, 76, 0, 0),
(693, 76, 0, 0),
(694, 76, 0, 0),
(695, 76, 0, 0),
(696, 76, 0, 0),
(697, 76, 0, 0),
(698, 76, 0, 0),
(699, 76, 0, 0),
(700, 76, 0, 0),
(701, 76, 0, 0),
(702, 76, 0, 0),
(703, 76, 0, 0),
(704, 76, 0, 0),
(705, 76, 0, 0),
(706, 76, 0, 0),
(707, 76, 0, 0),
(708, 76, 0, 0),
(709, 76, 0, 0),
(710, 76, 0, 0),
(711, 76, 0, 0),
(712, 76, 0, 0),
(713, 76, 0, 0),
(714, 76, 0, 0),
(715, 76, 0, 0),
(716, 76, 0, 0),
(717, 76, 0, 0),
(718, 76, 0, 0),
(719, 76, 0, 0),
(720, 76, 0, 0),
(721, 76, 0, 0),
(722, 76, 0, 0),
(723, 76, 0, 0),
(724, 76, 0, 0),
(725, 76, 0, 0),
(726, 76, 0, 0),
(727, 76, 0, 0),
(728, 76, 0, 0),
(729, 76, 0, 0),
(730, 76, 0, 0),
(731, 76, 0, 0),
(732, 76, 0, 0),
(733, 76, 0, 0),
(734, 76, 0, 0),
(735, 76, 0, 0),
(736, 76, 0, 0),
(737, 76, 0, 0),
(738, 76, 0, 0),
(739, 76, 0, 0),
(740, 76, 0, 0),
(741, 76, 0, 0),
(742, 76, 0, 0),
(743, 76, 0, 0),
(744, 76, 0, 0),
(745, 76, 0, 0),
(746, 76, 0, 0),
(747, 76, 0, 0),
(748, 76, 0, 0),
(749, 76, 0, 0),
(750, 76, 0, 0),
(751, 76, 0, 0),
(752, 76, 0, 0),
(753, 76, 0, 0),
(754, 76, 0, 0),
(755, 76, 0, 0),
(756, 76, 0, 0),
(757, 76, 0, 0),
(758, 76, 0, 0),
(759, 76, 0, 0),
(760, 76, 0, 0),
(761, 76, 0, 0),
(762, 76, 0, 0),
(763, 76, 0, 0),
(764, 76, 0, 0),
(765, 76, 0, 0),
(766, 76, 0, 0),
(767, 76, 0, 0),
(768, 76, 0, 0),
(769, 76, 0, 0),
(770, 76, 0, 0),
(771, 76, 0, 0),
(772, 76, 0, 0),
(773, 76, 0, 0),
(774, 76, 0, 0),
(775, 76, 0, 0),
(776, 76, 0, 0),
(777, 76, 0, 0),
(778, 76, 0, 0),
(779, 76, 0, 0),
(780, 76, 0, 0),
(781, 76, 0, 0),
(782, 76, 0, 0),
(783, 76, 0, 0),
(784, 76, 0, 0),
(785, 76, 0, 0),
(786, 76, 0, 0),
(787, 76, 0, 0),
(788, 76, 0, 0),
(789, 76, 0, 0),
(790, 76, 0, 0),
(791, 76, 0, 0),
(792, 76, 0, 0),
(793, 76, 0, 0),
(794, 76, 0, 0),
(795, 76, 0, 0),
(796, 76, 0, 0),
(797, 76, 0, 0),
(798, 76, 0, 0),
(799, 76, 0, 0),
(800, 76, 0, 0),
(801, 76, 0, 0),
(802, 76, 0, 0),
(803, 76, 0, 0),
(804, 76, 0, 0),
(805, 76, 0, 0),
(806, 76, 0, 0),
(807, 76, 0, 0),
(808, 76, 0, 0),
(809, 76, 0, 0),
(810, 76, 0, 0),
(811, 76, 0, 0),
(812, 76, 0, 0),
(813, 76, 0, 0),
(814, 76, 0, 0),
(815, 76, 0, 0),
(816, 76, 0, 0),
(817, 76, 0, 0),
(818, 76, 0, 0),
(819, 76, 0, 0),
(820, 76, 0, 0),
(821, 76, 0, 0),
(822, 76, 0, 0),
(823, 76, 0, 0),
(824, 76, 0, 0),
(825, 76, 0, 0),
(826, 76, 0, 0),
(827, 76, 0, 0),
(828, 76, 0, 0),
(829, 76, 0, 0),
(830, 76, 0, 0),
(831, 76, 0, 0),
(832, 76, 0, 0),
(833, 76, 0, 0),
(834, 76, 0, 0),
(835, 76, 0, 0),
(836, 76, 0, 0),
(837, 76, 0, 0),
(838, 76, 0, 0),
(839, 76, 0, 0),
(840, 76, 0, 0),
(841, 76, 0, 0),
(842, 76, 0, 0),
(843, 76, 0, 0),
(844, 76, 0, 0),
(845, 76, 0, 0),
(846, 76, 0, 0),
(847, 76, 0, 0),
(848, 76, 0, 0),
(849, 76, 0, 0),
(850, 76, 0, 0),
(851, 76, 0, 0),
(852, 76, 0, 0),
(853, 76, 0, 0),
(854, 76, 0, 0),
(855, 76, 0, 0),
(856, 76, 0, 0),
(857, 76, 0, 0),
(858, 76, 0, 0),
(859, 76, 0, 0),
(860, 76, 0, 0),
(861, 76, 0, 0),
(862, 76, 0, 0),
(863, 76, 0, 0),
(864, 76, 0, 0),
(865, 76, 0, 0),
(866, 76, 0, 0),
(867, 76, 0, 0),
(868, 76, 0, 0),
(869, 76, 0, 0),
(870, 76, 0, 0),
(871, 76, 0, 0),
(872, 76, 0, 0),
(873, 76, 0, 0),
(874, 76, 0, 0),
(875, 76, 0, 0),
(876, 76, 0, 0),
(877, 76, 0, 0),
(878, 76, 0, 0),
(879, 76, 0, 0),
(880, 76, 0, 0),
(881, 76, 0, 0),
(882, 76, 0, 0),
(883, 76, 0, 0),
(884, 76, 0, 0),
(885, 76, 0, 0),
(886, 76, 0, 0),
(887, 76, 0, 0),
(888, 76, 0, 0),
(889, 76, 0, 0),
(890, 76, 0, 0),
(891, 76, 0, 0),
(892, 76, 0, 0),
(893, 76, 0, 0),
(894, 76, 0, 0),
(895, 76, 0, 0),
(896, 76, 0, 0),
(897, 76, 0, 0),
(898, 76, 0, 0),
(899, 76, 0, 0),
(900, 76, 0, 0),
(901, 76, 0, 0),
(902, 76, 0, 0),
(903, 76, 0, 0),
(904, 76, 0, 0),
(905, 76, 0, 0),
(906, 76, 0, 0),
(907, 76, 0, 0),
(908, 76, 0, 0),
(909, 76, 0, 0),
(910, 76, 0, 0),
(911, 76, 0, 0),
(912, 76, 0, 0),
(913, 76, 0, 0),
(914, 76, 0, 0),
(915, 76, 0, 0),
(916, 76, 0, 0),
(917, 76, 0, 0),
(918, 76, 0, 0),
(919, 76, 0, 0),
(920, 76, 0, 0),
(921, 76, 0, 0),
(922, 76, 0, 0),
(923, 76, 0, 0),
(924, 76, 0, 0),
(925, 76, 0, 0),
(926, 76, 0, 0),
(927, 76, 0, 0),
(928, 76, 0, 0),
(929, 76, 0, 0),
(930, 76, 0, 0),
(931, 76, 0, 0),
(932, 76, 0, 0),
(933, 76, 0, 0),
(934, 76, 0, 0),
(935, 76, 0, 0),
(936, 76, 0, 0),
(937, 76, 0, 0),
(938, 76, 0, 0),
(939, 76, 0, 0),
(940, 76, 0, 0),
(941, 76, 0, 0),
(942, 76, 0, 0),
(943, 76, 0, 0),
(944, 76, 0, 0),
(945, 76, 0, 0),
(946, 76, 0, 0),
(947, 76, 0, 0),
(948, 76, 0, 0),
(949, 76, 0, 0),
(950, 76, 0, 0),
(951, 76, 0, 0),
(952, 76, 0, 0),
(953, 76, 0, 0),
(954, 76, 0, 0),
(955, 76, 0, 0),
(956, 76, 0, 0),
(957, 76, 0, 0),
(958, 76, 0, 0),
(959, 76, 0, 0),
(960, 76, 0, 0),
(961, 76, 0, 0),
(962, 76, 0, 0),
(963, 76, 0, 0),
(964, 76, 0, 0),
(965, 76, 0, 0),
(966, 76, 0, 0),
(967, 76, 0, 0),
(968, 76, 0, 0),
(969, 76, 0, 0),
(970, 76, 0, 0),
(971, 76, 0, 0),
(972, 76, 0, 0),
(973, 76, 0, 0),
(974, 76, 0, 0),
(975, 76, 0, 0),
(976, 76, 0, 0),
(977, 76, 0, 0),
(978, 76, 0, 0),
(979, 76, 0, 0),
(980, 76, 0, 0),
(981, 76, 0, 0),
(982, 76, 0, 0),
(983, 76, 0, 0),
(984, 76, 0, 0),
(985, 76, 0, 0),
(986, 76, 0, 0),
(987, 76, 0, 0),
(988, 76, 0, 0),
(989, 76, 0, 0),
(990, 76, 0, 0),
(991, 76, 0, 0),
(992, 76, 0, 0),
(993, 76, 0, 0),
(994, 76, 0, 0),
(995, 76, 0, 0),
(996, 76, 0, 0),
(997, 76, 0, 0),
(998, 76, 0, 0),
(999, 76, 0, 0),
(1000, 76, 0, 0),
(1001, 76, 0, 0),
(1002, 76, 0, 0),
(1003, 76, 0, 0),
(1004, 76, 0, 0),
(1005, 76, 0, 0),
(1006, 76, 0, 0),
(1007, 76, 0, 0),
(1008, 76, 0, 0),
(1009, 76, 0, 0),
(1010, 76, 0, 0),
(1011, 76, 0, 0),
(1012, 76, 0, 0),
(1013, 76, 0, 0),
(1014, 76, 0, 0),
(1015, 76, 0, 0),
(1016, 76, 0, 0),
(1017, 76, 0, 0),
(1018, 76, 0, 0),
(1019, 76, 0, 0),
(1020, 76, 0, 0),
(1021, 76, 0, 0),
(1022, 76, 0, 0),
(1023, 76, 0, 0),
(1024, 76, 0, 0),
(1025, 76, 0, 0),
(1026, 76, 0, 0),
(1027, 76, 0, 0),
(1028, 76, 0, 0),
(1029, 76, 0, 0),
(1030, 76, 0, 0),
(1031, 76, 0, 0),
(1032, 76, 0, 0),
(1033, 76, 0, 0),
(1034, 76, 0, 0),
(1035, 76, 0, 0),
(1036, 76, 0, 0),
(1037, 76, 0, 0),
(1038, 76, 0, 0),
(1039, 76, 0, 0),
(1040, 76, 0, 0),
(1041, 76, 0, 0),
(1042, 76, 0, 0),
(1043, 76, 0, 0),
(1044, 76, 0, 0),
(1045, 76, 0, 0),
(1046, 76, 0, 0),
(1047, 76, 0, 0),
(1048, 76, 0, 0),
(1049, 76, 0, 0),
(1050, 76, 0, 0),
(1051, 76, 0, 0),
(1052, 76, 0, 0),
(1053, 76, 0, 0),
(1054, 76, 0, 0),
(1055, 76, 0, 0),
(1056, 76, 0, 0),
(1057, 76, 0, 0),
(1058, 76, 0, 0),
(1059, 76, 0, 0),
(1060, 76, 0, 0),
(1061, 76, 0, 0),
(1062, 76, 0, 0),
(1063, 76, 0, 0),
(1064, 76, 0, 0),
(1065, 76, 0, 0),
(1066, 76, 0, 0),
(1067, 76, 0, 0),
(1068, 76, 0, 0),
(1069, 76, 0, 0),
(1070, 76, 0, 0),
(1071, 76, 0, 0),
(1072, 76, 0, 0),
(1073, 76, 0, 0),
(1074, 76, 0, 0),
(1075, 76, 0, 0),
(1076, 76, 0, 0),
(1077, 76, 0, 0),
(1078, 76, 0, 0),
(1079, 76, 0, 0),
(1080, 76, 0, 0),
(1081, 76, 0, 0),
(1082, 76, 0, 0),
(1083, 76, 0, 0),
(1084, 76, 0, 0),
(1085, 76, 0, 0),
(1086, 76, 0, 0),
(1087, 76, 0, 0),
(1088, 76, 0, 0),
(1089, 76, 0, 0),
(1090, 76, 0, 0),
(1091, 76, 0, 0),
(1092, 76, 0, 0),
(1093, 76, 0, 0),
(1094, 76, 0, 0),
(1095, 76, 0, 0),
(1096, 76, 0, 0),
(1097, 76, 0, 0),
(1098, 76, 0, 0),
(1099, 76, 0, 0),
(1100, 76, 0, 0),
(1101, 76, 0, 0),
(1102, 76, 0, 0),
(1103, 76, 0, 0),
(1104, 76, 0, 0),
(1105, 76, 0, 0),
(1106, 76, 0, 0),
(1107, 76, 0, 0),
(1108, 76, 0, 0),
(1109, 76, 0, 0),
(1110, 76, 0, 0),
(1111, 76, 0, 0),
(1112, 76, 0, 0),
(1113, 76, 0, 0),
(1114, 76, 0, 0),
(1115, 76, 0, 0),
(1116, 76, 0, 0),
(1117, 76, 0, 0),
(1118, 76, 0, 0),
(1119, 76, 0, 0),
(1120, 76, 0, 0),
(1121, 76, 0, 0),
(1122, 76, 0, 0),
(1123, 76, 0, 0),
(1124, 76, 0, 0),
(1125, 76, 0, 0),
(1126, 76, 0, 0),
(1127, 76, 0, 0),
(1128, 76, 0, 0),
(1129, 76, 0, 0),
(1130, 76, 0, 0),
(1131, 76, 0, 0),
(1132, 76, 0, 0),
(1133, 76, 0, 0),
(1134, 76, 0, 0),
(1135, 76, 0, 0),
(1136, 76, 0, 0),
(1137, 76, 0, 0),
(1138, 76, 0, 0),
(1139, 76, 0, 0),
(1140, 76, 0, 0),
(1141, 76, 0, 0),
(1142, 76, 0, 0),
(1143, 76, 0, 0),
(1144, 76, 0, 0),
(1145, 76, 0, 0),
(1146, 76, 0, 0),
(1147, 76, 0, 0),
(1148, 76, 0, 0),
(1149, 76, 0, 0),
(1150, 76, 0, 0),
(1151, 76, 0, 0),
(1152, 76, 0, 0),
(1153, 76, 0, 0),
(1154, 76, 0, 0),
(1155, 76, 0, 0),
(1156, 76, 0, 0),
(1157, 76, 0, 0),
(1158, 76, 0, 0),
(1159, 76, 0, 0),
(1160, 76, 0, 0),
(1161, 76, 0, 0),
(1162, 76, 0, 0),
(1163, 76, 0, 0),
(1164, 76, 0, 0),
(1165, 76, 0, 0),
(1166, 76, 0, 0),
(1167, 76, 0, 0),
(1168, 76, 0, 0),
(1169, 76, 0, 0),
(1170, 76, 0, 0),
(1171, 76, 0, 0),
(1172, 76, 0, 0),
(1173, 76, 0, 0),
(1174, 76, 0, 0),
(1175, 76, 0, 0),
(1176, 76, 0, 0),
(1177, 76, 0, 0),
(1178, 76, 0, 0),
(1179, 76, 0, 0),
(1180, 76, 0, 0),
(1181, 76, 0, 0),
(1182, 76, 0, 0),
(1183, 76, 0, 0),
(1184, 76, 0, 0),
(1185, 76, 0, 0),
(1186, 76, 0, 0),
(1187, 76, 0, 0),
(1188, 76, 0, 0),
(1189, 76, 0, 0),
(1190, 76, 0, 0),
(1191, 76, 0, 0),
(1192, 76, 0, 0),
(1193, 76, 0, 0),
(1194, 76, 0, 0),
(1195, 76, 0, 0),
(1196, 76, 0, 0),
(1197, 76, 0, 0),
(1198, 76, 0, 0),
(1199, 76, 0, 0),
(1200, 76, 0, 0),
(1201, 76, 0, 0),
(1202, 76, 0, 0),
(1203, 76, 0, 0),
(1204, 76, 0, 0),
(1205, 76, 0, 0),
(1206, 76, 0, 0),
(1207, 76, 0, 0),
(1208, 76, 0, 0),
(1209, 76, 0, 0),
(1210, 76, 0, 0),
(1211, 76, 0, 0),
(1212, 76, 0, 0),
(1213, 76, 0, 0),
(1214, 76, 0, 0),
(1215, 76, 0, 0),
(1216, 76, 0, 0),
(1217, 76, 0, 0),
(1218, 76, 0, 0),
(1219, 76, 0, 0),
(1220, 76, 0, 0),
(1221, 76, 0, 0),
(1222, 76, 0, 0),
(1223, 76, 0, 0),
(1224, 76, 0, 0),
(1225, 76, 0, 0),
(1226, 76, 0, 0),
(1227, 76, 0, 0),
(1228, 76, 0, 0),
(1229, 76, 0, 0),
(1230, 76, 0, 0),
(1231, 76, 0, 0),
(1232, 76, 0, 0),
(1233, 76, 0, 0),
(1234, 76, 0, 0),
(1235, 76, 0, 0),
(1236, 76, 0, 0),
(1237, 76, 0, 0),
(1238, 76, 0, 0),
(1239, 76, 0, 0),
(1240, 76, 0, 0),
(1241, 76, 0, 0),
(1242, 76, 0, 0),
(1243, 76, 0, 0),
(1244, 76, 0, 0),
(1245, 76, 0, 0),
(1246, 76, 0, 0),
(1247, 76, 0, 0),
(1248, 76, 0, 0),
(1249, 76, 0, 0),
(1250, 76, 0, 0),
(1251, 76, 0, 0),
(1252, 76, 0, 0),
(1253, 76, 0, 0),
(1254, 76, 0, 0),
(1255, 76, 0, 0),
(1256, 76, 0, 0),
(1257, 76, 0, 0),
(1258, 76, 0, 0),
(1259, 76, 0, 0),
(1260, 76, 0, 0),
(1261, 76, 0, 0),
(1262, 76, 0, 0),
(1263, 76, 0, 0),
(1264, 76, 0, 0),
(1265, 76, 0, 0),
(1266, 76, 0, 0),
(1267, 76, 0, 0),
(1268, 76, 0, 0),
(1269, 76, 0, 0),
(1270, 76, 0, 0),
(1271, 76, 0, 0),
(1272, 76, 0, 0),
(1273, 76, 0, 0),
(1274, 76, 0, 0),
(1275, 76, 0, 0),
(1276, 76, 0, 0),
(1277, 76, 0, 0),
(1278, 76, 0, 0),
(1279, 76, 0, 0),
(1280, 76, 0, 0),
(1281, 76, 0, 0),
(1282, 76, 0, 0),
(1283, 76, 0, 0),
(1284, 76, 0, 0),
(1285, 76, 0, 0),
(1286, 76, 0, 0),
(1287, 76, 0, 0),
(1288, 76, 0, 0),
(1289, 76, 0, 0),
(1290, 76, 0, 0),
(1291, 76, 0, 0),
(1292, 76, 0, 0),
(1293, 76, 0, 0),
(1294, 76, 0, 0),
(1295, 76, 0, 0),
(1296, 76, 0, 0),
(1297, 76, 0, 0),
(1298, 76, 0, 0),
(1299, 76, 0, 0),
(1300, 76, 0, 0),
(1301, 76, 0, 0),
(1302, 76, 0, 0),
(1303, 76, 0, 0),
(1304, 76, 0, 0),
(1305, 76, 0, 0),
(1306, 76, 0, 0),
(1307, 76, 0, 0),
(1308, 76, 0, 0),
(1309, 76, 0, 0),
(1310, 76, 0, 0),
(1311, 76, 0, 0),
(1312, 76, 0, 0),
(1313, 76, 0, 0),
(1314, 77, 34, 1),
(1315, 77, 34, 1),
(1316, 78, 40, 1),
(1317, 79, 35, 1),
(1318, 79, 37, 1),
(1319, 79, 34, 1);

-- --------------------------------------------------------

--
-- Table structure for table `location`
--

CREATE TABLE `location` (
  `id` int(11) NOT NULL,
  `order_id` int(11) DEFAULT NULL,
  `rider_id` int(11) NOT NULL,
  `lats` varchar(100) NOT NULL,
  `longs` varchar(100) NOT NULL,
  `latsEnd` varchar(100) NOT NULL,
  `longsEnd` varchar(100) NOT NULL,
  `created_at` time NOT NULL DEFAULT current_timestamp()
) ENGINE=InnoDB DEFAULT CHARSET=utf8mb4;

--
-- Dumping data for table `location`
--

INSERT INTO `location` (`id`, `order_id`, `rider_id`, `lats`, `longs`, `latsEnd`, `longsEnd`, `created_at`) VALUES
(1, NULL, 1, '24.8527202', '67.0322979', '0', '0', '19:18:41'),
(2, NULL, 1, '37.4219983', '-122.084', '0', '0', '19:18:41'),
(4, NULL, 1, '0', '0', '0', '0', '19:18:41'),
(5, NULL, 1, '0', '0', '0', '0', '19:18:41'),
(6, NULL, 1, '24.8584457', '67.0522474', '0', '0', '19:18:41'),
(7, NULL, 4, '0', '0', '0', '0', '19:18:41'),
(8, NULL, 4, '37.4219983', '-122.084', '0', '0', '19:18:41'),
(9, NULL, 4, '0', '0', '0', '0', '19:18:41'),
(10, NULL, 4, '37.4219983', '-122.084', '0', '0', '19:18:41'),
(11, NULL, 4, '37.4219983', '-122.084', '0', '0', '19:18:41'),
(12, NULL, 4, '37.4219983', '-122.084', '0', '0', '19:18:41'),
(13, NULL, 4, '37.4219983', '-122.084', '0', '0', '19:18:41'),
(14, NULL, 4, '37.57136', '-122.355555', '0', '0', '19:18:41'),
(15, NULL, 4, '37.3457067', '-121.8790217', '0', '0', '19:18:41'),
(16, NULL, 4, '37.3457067', '-121.8790217', '0', '0', '19:18:41'),
(17, NULL, 4, '37.5408767', '-121.9792733', '0', '0', '19:18:41'),
(18, NULL, 0, '', '', '0', '0', '19:18:41'),
(19, NULL, 4, '0', '0', '0', '0', '19:22:02'),
(20, NULL, 4, '37.5408767', '-121.9792733', '0', '0', '19:23:39'),
(21, NULL, 4, '37.662735', '-122.0960017', '0', '0', '20:43:33'),
(22, NULL, 4, '37.7985', '-122.2003717', '0', '0', '22:18:05'),
(23, NULL, 4, '0', '0', '0', '0', '14:09:53'),
(24, NULL, 4, '37.7985', '-122.2003717', '0', '0', '14:10:36'),
(25, NULL, 4, '37.4864117', '-122.23779', '0', '0', '14:24:27'),
(27, NULL, 4, '37.4864117', '-122.23779', '0', '0', '14:28:38'),
(28, NULL, 4, '37.4864117', '-122.23779', '0', '0', '14:29:03'),
(29, NULL, 4, '37.4864117', '-122.23779', '0', '0', '14:30:11'),
(30, NULL, 4, '37.4864117', '-122.23779', '0', '0', '14:30:33'),
(31, NULL, 4, '37.4253633', '-122.1306733', '0', '0', '14:37:56'),
(32, NULL, 4, '37.6486', '-122.4204383', '0', '0', '14:41:51'),
(33, NULL, 4, '0', '0', '0', '0', '14:44:53'),
(34, NULL, 4, '37.7550833', '-122.4685033', '0', '0', '14:45:14'),
(35, NULL, 4, '37.92102', '-122.5357933', '0', '0', '14:46:56'),
(36, NULL, 4, '37.92102', '-122.5357933', '0', '0', '14:47:28'),
(37, NULL, 4, '0', '0', '0', '0', '14:47:54'),
(38, NULL, 4, '37.92102', '-122.5357933', '0', '0', '14:49:51'),
(39, NULL, 4, '38.0811783', '-122.54678', '0', '0', '14:52:39'),
(40, NULL, 4, '37.9794967', '-122.523435', '0', '0', '14:58:56'),
(41, NULL, 4, '38.1017133', '-122.5577667', '0', '0', '15:01:16'),
(42, NULL, 4, '0', '0', '0', '0', '15:04:44'),
(43, NULL, 4, '38.2345133', '-122.607205', '0', '0', '15:06:22'),
(44, NULL, 4, '38.3412267', '-122.7129483', '0', '0', '15:07:48'),
(45, NULL, 4, '38.2269633', '-122.6305517', '0', '0', '15:08:36'),
(46, NULL, 4, '38.2269633', '-122.6305517', '0', '0', '15:09:31'),
(47, NULL, 4, '38.2269633', '-122.6305517', '0', '0', '15:11:15'),
(48, NULL, 4, '38.2269633', '-122.6305517', '0', '0', '15:11:54'),
(49, NULL, 4, '38.3832217', '-122.8090783', '0', '0', '16:04:03'),
(50, NULL, 4, '38.3832217', '-122.8090783', '0', '0', '16:04:53'),
(51, NULL, 4, '38.4530567', '-122.8734367', '0', '0', '16:06:18'),
(52, NULL, 4, '38.4530567', '-122.8734367', '0', '0', '16:06:57'),
(53, NULL, 4, '38.5121817', '-122.77044', '0', '0', '16:09:40'),
(54, NULL, 4, '38.649595', '-122.8734367', '0', '0', '16:10:18'),
(55, NULL, 4, '38.649595', '-122.8734367', '0', '0', '16:10:34'),
(56, NULL, 4, '38.649595', '-122.8734367', '0', '0', '16:11:07'),
(57, NULL, 4, '38.7610483', '-122.9723133', '0', '0', '16:19:21'),
(58, NULL, 4, '', '', '', '', '16:19:15'),
(59, NULL, 4, '0', '0', '', '', '16:19:15'),
(60, NULL, 4, '', '', '', '', '16:20:48'),
(61, NULL, 4, '', '', '', '', '16:20:48'),
(62, NULL, 4, '', '', '', '', '16:20:59'),
(63, NULL, 4, '0', '0', '', '', '16:21:00'),
(64, NULL, 4, '', '', '', '', '16:22:16'),
(65, NULL, 4, '', '', '', '', '16:22:17'),
(66, NULL, 4, '', '', '', '', '16:24:12'),
(67, NULL, 4, '', '', '', '', '16:24:12'),
(68, NULL, 4, '', '', '', '', '16:24:12'),
(69, NULL, 4, '', '', '', '', '16:24:23'),
(70, NULL, 4, '38.9300417', '-123.0629517', '', '', '16:24:23'),
(71, NULL, 4, '', '', '', '', '16:26:10'),
(72, NULL, 4, '', '', '', '', '16:26:10'),
(73, NULL, 4, '', '', '', '', '16:31:07'),
(74, NULL, 4, '', '', '', '', '16:31:07'),
(75, NULL, 4, '', '', '', '', '16:31:07'),
(76, NULL, 4, '', '', '', '', '16:31:21'),
(77, NULL, 4, '37.5441433', '-122.00021', '', '', '16:31:21'),
(78, NULL, 4, '', '', '', '', '16:31:50'),
(79, NULL, 4, '', '', '', '', '16:31:50'),
(80, NULL, 4, '', '', '', '', '16:31:57'),
(81, NULL, 4, '37.5441433', '-122.00021', '', '', '16:31:57'),
(82, NULL, 4, '', '', '', '', '16:33:45'),
(83, NULL, 4, '', '', '', '', '16:33:45'),
(84, NULL, 4, '37.5441433', '-122.00021', '', '', '16:33:45'),
(85, NULL, 4, '', '', '', '', '16:34:27'),
(86, NULL, 4, '37.5441433', '-122.00021', '', '', '16:34:28'),
(87, NULL, 4, '', '', '', '', '16:34:33'),
(88, NULL, 4, '', '', '', '', '16:34:56'),
(89, NULL, 4, '', '', '', '', '16:34:56'),
(90, NULL, 4, '', '', '', '', '16:35:40'),
(91, NULL, 4, '', '', '', '', '16:35:40'),
(92, NULL, 4, '', '', '', '', '16:35:41'),
(93, NULL, 4, '', '', '', '', '16:35:48'),
(94, NULL, 4, '37.5441433', '-122.00021', '', '', '16:35:48'),
(95, NULL, 4, '', '', '', '', '16:36:00'),
(96, NULL, 4, '', '', '', '', '16:36:00'),
(97, NULL, 4, '', '', '', '', '16:44:36'),
(98, NULL, 4, '0', '0', '', '', '16:44:36'),
(99, NULL, 4, '', '', '', '', '16:44:51'),
(100, NULL, 4, '', '', '', '', '16:44:52'),
(101, NULL, 4, '', '', '', '', '16:47:45'),
(102, NULL, 4, '37.5441433', '-122.00021', '', '', '16:47:45'),
(103, NULL, 4, '', '', '', '', '16:48:01'),
(104, NULL, 4, '', '', '', '', '16:48:01'),
(105, NULL, 4, '', '', '', '', '16:48:54'),
(106, NULL, 4, '37.5441433', '-122.00021', '', '', '16:48:54'),
(107, NULL, 4, '', '', '', '', '16:51:52'),
(108, NULL, 4, '', '', '', '', '16:51:52'),
(109, NULL, 4, '', '', '123.123', '-0987.123', '17:03:57'),
(110, NULL, 4, '', '', '23452.56', '-874345.23', '17:16:12'),
(111, NULL, 4, '', '', '23452.56', '-874345.23', '17:16:12'),
(112, NULL, 4, '', '', '23452.56', '-874345.23', '17:16:12'),
(113, NULL, 4, '', '', '23452.56', '-874345.23', '17:16:20'),
(114, NULL, 4, '37.5441433', '-122.00021', '', '', '17:16:20'),
(115, NULL, 4, '', '', '23452.56', '-874345.23', '17:16:30'),
(116, NULL, 4, '', '', '23452.56', '-874345.23', '17:16:30'),
(117, NULL, 4, '0', '0', '', '', '17:23:39'),
(118, NULL, 4, '37.5441433', '-122.00021', '', '', '17:24:37'),
(119, NULL, 4, '0', '0', '', '', '17:25:45'),
(120, NULL, 4, '', '', '', '', '17:27:30'),
(121, NULL, 4, '0', '0', '', '', '17:29:24'),
(122, NULL, 4, '37.5441433', '-122.00021', '', '', '17:30:45'),
(123, NULL, 4, '', '', '37.5441433', '-122.00021', '17:31:30'),
(124, NULL, 4, '', '', '37.5441433', '-122.00021', '17:31:30'),
(125, NULL, 4, '', '', '37.5441433', '-122.00021', '17:31:30'),
(126, NULL, 4, '', '', '37.5441433', '-122.00021', '17:31:37'),
(127, NULL, 4, '37.5441433', '-122.00021', '', '', '17:31:37'),
(128, NULL, 4, '', '', '37.5441433', '-122.00021', '17:32:04'),
(129, NULL, 4, '', '', '37.5441433', '-122.00021', '17:32:04'),
(130, NULL, 4, '', '', '37.5441433', '-122.00021', '17:33:20'),
(131, NULL, 4, '', '', '37.5441433', '-122.00021', '17:33:20'),
(132, NULL, 4, '', '', '37.5441433', '-122.00021', '17:33:20'),
(133, NULL, 4, '', '', '', '', '18:10:44'),
(134, NULL, 4, '', '', '', '', '18:10:44'),
(135, NULL, 4, '', '', '', '', '18:10:44'),
(136, NULL, 4, '', '', '', '', '18:11:01'),
(137, NULL, 4, '', '', '', '', '18:11:01'),
(138, NULL, 4, '', '', '', '', '18:11:01'),
(139, NULL, 4, '', '', '', '', '18:11:14'),
(140, NULL, 4, '', '', '', '', '18:11:14'),
(141, NULL, 4, '', '', '', '', '18:11:14'),
(142, NULL, 4, '', '', '', '', '18:11:31'),
(143, NULL, 4, '', '', '', '', '18:11:31'),
(144, NULL, 4, '', '', '', '', '18:11:31'),
(145, NULL, 4, '', '', '', '', '18:11:44'),
(146, NULL, 4, '', '', '', '', '18:11:44'),
(147, NULL, 4, '', '', '', '', '18:11:44'),
(148, NULL, 4, '', '', '', '', '18:12:53'),
(149, NULL, 4, '', '', '', '', '18:12:53'),
(150, NULL, 4, '', '', '', '', '18:12:53'),
(151, NULL, 4, '', '', '', '', '18:13:27'),
(152, NULL, 4, '', '', '', '', '18:13:27'),
(153, NULL, 4, '', '', '', '', '18:13:27'),
(154, NULL, 4, '', '', '', '', '18:14:09'),
(155, NULL, 4, '', '', '37.5441433', '-122.00021', '18:14:40'),
(156, NULL, 4, '', '', '37.5441433', '-122.00021', '18:14:40'),
(157, NULL, 4, '', '', '37.5441433', '-122.00021', '18:14:42'),
(158, NULL, 4, '37.5441433', '-122.00021', '', '', '18:14:48'),
(159, NULL, 4, '', '', '37.5441433', '-122.00021', '18:14:57'),
(160, NULL, 4, '', '', '37.5441433', '-122.00021', '18:14:57'),
(161, NULL, 4, '', '', '', '', '18:15:43'),
(162, NULL, 4, '', '', '', '', '18:15:44'),
(163, NULL, 4, '', '', '37.5441433', '-122.00021', '18:15:55'),
(164, NULL, 4, '', '', '37.5441433', '-122.00021', '18:15:55'),
(165, NULL, 4, '', '', '37.5441433', '-122.00021', '18:15:57'),
(166, NULL, 4, '37.5441433', '-122.00021', '', '', '18:15:57'),
(167, NULL, 4, '', '', '37.5441433', '-122.00021', '18:16:05'),
(168, NULL, 4, '', '', '37.5441433', '-122.00021', '18:16:05'),
(169, NULL, 4, '', '', '37.5441433', '-122.00021', '18:19:32'),
(170, NULL, 4, '', '', '37.5441433', '-122.00021', '18:19:32'),
(171, NULL, 4, '', '', '37.5441433', '-122.00021', '18:19:32'),
(172, NULL, 4, '', '', '', '', '18:20:40'),
(173, NULL, 4, '', '', '', '', '18:20:40'),
(174, NULL, 4, '', '', '', '', '18:20:40'),
(175, NULL, 4, '', '', '', '', '18:49:07'),
(176, NULL, 4, '', '', '', '', '18:49:07'),
(177, NULL, 4, '', '', '37.5441433', '-122.00021', '18:49:23'),
(178, NULL, 4, '', '', '37.5441433', '-122.00021', '18:49:23'),
(179, NULL, 4, '', '', '37.5441433', '-122.00021', '18:50:16'),
(180, NULL, 4, '37.5441433', '-122.00021', '', '', '18:50:16'),
(181, NULL, 4, '', '', '37.5441433', '-122.00021', '18:50:41'),
(182, NULL, 4, '', '', '37.5441433', '-122.00021', '18:50:41'),
(183, NULL, 4, '', '', '', '', '17:09:13'),
(184, NULL, 4, '', '', '', '', '17:09:13'),
(185, NULL, 4, '', '', '', '', '17:09:13'),
(186, NULL, 4, '', '', '', '', '17:11:17'),
(187, NULL, 4, '', '', '', '', '17:11:17'),
(188, NULL, 4, '', '', '', '', '17:11:17'),
(189, NULL, 4, '', '', '', '', '17:11:42'),
(190, NULL, 4, '', '', '', '', '17:11:42'),
(191, NULL, 4, '', '', '', '', '17:11:42'),
(192, NULL, 4, '', '', '', '', '17:12:06'),
(193, NULL, 4, '', '', '', '', '17:12:06'),
(194, NULL, 4, '', '', '', '', '17:12:06'),
(195, NULL, 4, '', '', '', '', '17:12:24'),
(196, NULL, 4, '', '', '', '', '17:12:24'),
(197, NULL, 4, '', '', '', '', '17:12:24'),
(198, NULL, 4, '', '', '', '', '17:13:02'),
(199, NULL, 4, '', '', '', '', '17:13:02'),
(200, NULL, 4, '', '', '', '', '17:13:02'),
(201, NULL, 4, '', '', '', '', '17:13:50'),
(202, NULL, 4, '', '', '', '', '17:13:50'),
(203, NULL, 4, '', '', '', '', '17:13:50'),
(204, NULL, 4, '', '', '', '', '17:14:00'),
(205, NULL, 4, '', '', '', '', '17:14:00'),
(206, NULL, 4, '', '', '', '', '17:14:00'),
(207, NULL, 4, '', '', '', '', '17:14:09'),
(208, NULL, 4, '', '', '', '', '17:14:09'),
(209, NULL, 4, '', '', '', '', '17:14:09'),
(210, NULL, 4, '', '', '', '', '17:14:16'),
(211, NULL, 4, '', '', '', '', '17:14:16'),
(212, NULL, 4, '', '', '', '', '17:14:16'),
(213, NULL, 4, '', '', '', '', '17:14:35'),
(214, NULL, 4, '', '', '', '', '17:14:35'),
(215, NULL, 4, '', '', '', '', '17:14:35'),
(216, NULL, 4, '', '', '', '', '17:14:46'),
(217, NULL, 4, '', '', '', '', '17:14:46'),
(218, NULL, 4, '', '', '', '', '17:14:46'),
(219, NULL, 4, '', '', '', '', '17:14:53'),
(220, NULL, 4, '', '', '', '', '17:14:53'),
(221, NULL, 4, '', '', '', '', '17:14:53'),
(222, NULL, 4, '', '', '', '', '17:15:26'),
(223, NULL, 4, '', '', '', '', '17:15:26'),
(224, NULL, 4, '', '', '', '', '17:15:26'),
(225, NULL, 4, '', '', '', '', '17:16:36'),
(226, NULL, 4, '', '', '', '', '17:16:36'),
(227, NULL, 4, '', '', '', '', '17:16:36'),
(228, NULL, 4, '', '', '', '', '17:16:44'),
(229, NULL, 4, '', '', '', '', '17:16:44'),
(230, NULL, 4, '', '', '', '', '17:16:44'),
(231, NULL, 4, '', '', '', '', '17:50:00'),
(232, NULL, 4, '', '', '', '', '17:50:00'),
(233, NULL, 4, '', '', '', '', '17:50:00'),
(234, NULL, 4, '', '', '', '', '20:06:33'),
(235, NULL, 4, '', '', '', '', '20:06:33');

-- --------------------------------------------------------

--
-- Table structure for table `products`
--

CREATE TABLE `products` (
  `id` int(11) NOT NULL,
  `category_id` int(11) NOT NULL,
  `name` text NOT NULL,
  `description` text NOT NULL,
  `slug` varchar(200) NOT NULL,
  `price` double NOT NULL,
  `photo` varchar(200) NOT NULL,
  `date_view` date NOT NULL,
  `counter` int(11) NOT NULL
) ENGINE=InnoDB DEFAULT CHARSET=latin1;

--
-- Dumping data for table `products`
--

INSERT INTO `products` (`id`, `category_id`, `name`, `description`, `slug`, `price`, `photo`, `date_view`, `counter`) VALUES
(33, 6, 'Aquafina 500ml', '<p>Aquafina&nbsp;<strong>originates from public water sources and is then purified through a rigorous purification process</strong>. This purification process includes reverse osmosis and other filtering and purification methods. It removes things like chlorides, salts and other substances that can affect a water&#39;s taste.</p>\r\n', 'aquafina-500ml', 40, '', '0000-00-00', 0),
(34, 6, 'Aquafina 1500ml', '<p>&lt;p&gt;quafina&nbsp;<strong>originates from public water sources and is then purified through a rigorous purification process</strong>. This purification process includes reverse osmosis and other filtering and purification methods. It removes things like chlorides, salts and other substances that can affect a water&#39;s taste.</p>\r\n', 'aquafina-1500ml', 80, 'aquafina-1500ml_1683661800.png', '0000-00-00', 0),
(35, 6, 'Aquafina 300ml', '<p>Aquafina&nbsp;<strong>originates from public water sources and is then purified through a rigorous purification process</strong>. This purification process includes reverse osmosis and other filtering and purification methods. It removes things like chlorides, salts and other substances that can affect a water&#39;s taste.</p>\r\n', 'aquafina-300ml', 30, '', '0000-00-00', 0),
(36, 6, 'Aquafina 5ltr', '<p>Aquafina&nbsp;<strong>originates from public water sources and is then purified through a rigorous purification process</strong>. This purification process includes reverse osmosis and other filtering and purification methods. It removes things like chlorides, salts and other substances that can affect a water&#39;s taste.</p>\r\n', 'aquafina-5ltr', 200, '', '0000-00-00', 0),
(37, 6, 'Aquafina 19ltr', '<p>Aquafina&nbsp;<strong>originates from public water sources and is then purified through a rigorous purification process</strong>. This purification process includes reverse osmosis and other filtering and purification methods. It removes things like chlorides, salts and other substances that can affect a water&#39;s taste.</p>\r\n', 'aquafina-19ltr', 250, '', '0000-00-00', 0),
(38, 8, 'Dasani 300ml', '<p>Purified &amp; Mineral Enhanced Water | DASANI&reg; DASANI water is&nbsp;<strong>purified and enhanced with a proprietary blend of minerals to give it the clean, fresh taste you want from water</strong>. And it&#39;s packaged in 100% recyclable* bottle for you to refill, reuse and recycle</p>\r\n', 'dasani-300ml', 25, '', '0000-00-00', 0),
(39, 8, 'Dasani 500ml', '<p>Purified &amp; Mineral Enhanced Water | DASANI&reg; DASANI water is&nbsp;<strong>purified and enhanced with a proprietary blend of minerals to give it the clean, fresh taste you want from water</strong>. And it&#39;s packaged in 100% recyclable* bottle for you to refill, reuse and recycle</p>\r\n', 'dasani-500ml', 40, '', '0000-00-00', 0),
(40, 8, 'Dasani 1500ml', '<p>Purified &amp; Mineral Enhanced Water | DASANI&reg; DASANI water is&nbsp;<strong>purified and enhanced with a proprietary blend of minerals to give it the clean, fresh taste you want from water</strong>. And it&#39;s packaged in 100% recyclable* bottle for you to refill, reuse and recycle</p>\r\n', 'dasani-1500ml', 70, '', '0000-00-00', 0),
(41, 8, 'Dasani 19ltr ', '<p>Purified &amp; Mineral Enhanced Water | DASANI&reg; DASANI water is&nbsp;<strong>purified and enhanced with a proprietary blend of minerals to give it the clean, fresh taste you want from water</strong>. And it&#39;s packaged in 100% recyclable* bottle for you to refill, reuse and recycle</p>\r\n', 'dasani-19ltr', 220, '', '0000-00-00', 0),
(42, 7, 'Nestle 250ml', '<p>Nestl&eacute; is&nbsp;<strong>the world&#39;s largest food and beverage company</strong>. It is present in 187 countries around the world, and its 291,000 employees are committed to Nestl&eacute;&#39;s purpose of unlocking the power of food to enhance quality for everyone, today and for generations to come.</p>\r\n', 'nestle-250ml', 30, '', '0000-00-00', 0),
(43, 7, 'Nestle 500ml', '', 'nestle-500ml', 45, '', '0000-00-00', 0);

-- --------------------------------------------------------

--
-- Table structure for table `riders`
--

CREATE TABLE `riders` (
  `id` int(10) NOT NULL,
  `email` varchar(200) NOT NULL,
  `password` varchar(60) NOT NULL,
  `type` int(1) NOT NULL,
  `firstname` varchar(50) NOT NULL,
  `lastname` varchar(50) NOT NULL,
  `address` text NOT NULL,
  `contact_info` varchar(100) NOT NULL,
  `photo` varchar(200) NOT NULL,
  `status` int(1) NOT NULL,
  `activate_code` varchar(100) NOT NULL,
  `reset` varchar(15) NOT NULL,
  `created_on` date NOT NULL DEFAULT current_timestamp()
) ENGINE=InnoDB DEFAULT CHARSET=utf8mb4;

--
-- Dumping data for table `riders`
--

INSERT INTO `riders` (`id`, `email`, `password`, `type`, `firstname`, `lastname`, `address`, `contact_info`, `photo`, `status`, `activate_code`, `reset`, `created_on`) VALUES
(1, 'hasan@hyperkodes.com', '12345678', 0, 'HasanNajam', 'Najam', 'c2 Colony', '', 'images.jpg', 0, '8837696dd5ce459d6434e0612e815807', '', '2022-12-19'),
(4, 'arhan@gmail.com', '12345678', 0, 'Arhan', 'Shahid', 'arhan@gmail.com', '', '', 0, '52d8f39f362bdc17c60fe21ed94daaab', '', '2023-01-02');

-- --------------------------------------------------------

--
-- Table structure for table `sales`
--

CREATE TABLE `sales` (
  `id` int(11) NOT NULL,
  `user_id` int(11) NOT NULL,
  `pay_id` varchar(50) NOT NULL,
  `product_name` varchar(500) DEFAULT NULL,
  `delivery_charges` varchar(20) DEFAULT NULL,
  `total_price` varchar(20) DEFAULT NULL,
  `status` varchar(100) DEFAULT 'Pending',
  `sales_date` date NOT NULL DEFAULT current_timestamp(),
  `rider_assigned` int(11) DEFAULT NULL,
  `reason` text NOT NULL
) ENGINE=InnoDB DEFAULT CHARSET=latin1;

--
-- Dumping data for table `sales`
--

INSERT INTO `sales` (`id`, `user_id`, `pay_id`, `product_name`, `delivery_charges`, `total_price`, `status`, `sales_date`, `rider_assigned`, `reason`) VALUES
(9, 9, 'PAY-1RT494832H294925RLLZ7TZA', '', NULL, NULL, 'Pending', '2018-05-10', 1, ''),
(10, 9, 'PAY-21700797GV667562HLLZ7ZVY', '', NULL, NULL, 'Pending', '2018-05-10', 4, ''),
(11, 12, '12345sdfgh345ykjh6789', '', '100', '200', 'Delivered', '2023-02-06', 4, ''),
(12, 12, '12345sdfgh345ykjh6789', '', '100', '200', 'Delivered', '0000-00-00', NULL, ''),
(13, 12, '12345sdfgh345ykjh6789', '', '100', '200', 'Delivered', '0000-00-00', NULL, ''),
(14, 12, '12345sdfgh345ykjh6789', '', '100', '200', 'Delivered', '0000-00-00', NULL, ''),
(15, 12, '12345sdfgh345ykjh6789', '', '100', '200', 'Delivered', '0000-00-00', NULL, ''),
(16, 12, '12345sdfgh345ykjh6789', '', '100', '200', 'Delivered', '2023-02-06', NULL, ''),
(17, 12, '12345sdfgh345ykjh6789', '', '100', '200', 'Delivered', '2023-02-06', NULL, ''),
(18, 12, '12345sdfgh345ykjh6789', '', '100', '200', 'Delivered', '2023-02-06', NULL, ''),
(19, 12, '12345sdfgh345ykjh6789', '', '100', '200', 'Delivered', '2023-02-06', NULL, ''),
(20, 12, '12345sdfgh345ykjh6789', '', '100', '200', 'Delivered', '2023-02-06', NULL, ''),
(21, 12, '12345sdfgh345ykjh6789', '', '100', '200', 'Delivered', '2023-02-06', NULL, ''),
(22, 12, '12345sdfgh345ykjh6789', '', '100', '200', 'Delivered', '2023-02-06', NULL, ''),
(23, 12, '12345sdfgh345ykjh6789', '', '100', '200', 'Delivered', '2023-02-06', NULL, ''),
(24, 12, '12345sdfgh345ykjh6789', '', '100', '200', 'Delivered', '2023-02-06', NULL, ''),
(25, 12, '12345sdfgh345ykjh6789', '', '100', '200', 'Delivered', '2023-02-06', NULL, ''),
(26, 9, '12345sdfgh345ykjh6789', '', '100', '200', 'Delivered', '2023-02-06', NULL, ''),
(27, 9, '12345sdfgh345ykjh6789', '', '100', '200', 'Delivered', '2023-02-06', NULL, ''),
(28, 9, '12345sdfgh345ykjh6789', '', '100', '200', 'Delivered', '2023-02-06', NULL, ''),
(29, 9, '12345sdfgh345ykjh6789', '', '100', '200', 'Delivered', '2023-02-06', NULL, ''),
(30, 9, '12345sdfgh345ykjh6789', '', '100', '200', 'Delivered', '2023-02-06', NULL, ''),
(31, 9, '12345sdfgh345ykjh6789', '', '100', '200', 'Delivered', '2023-02-06', NULL, ''),
(32, 9, '12345sdfgh345ykjh6789', '', '100', '200', 'Delivered', '2023-02-06', NULL, ''),
(33, 9, '12345sdfgh345ykjh6789', '', '100', '200', 'Delivered', '2023-02-06', NULL, ''),
(34, 9, '12345sdfgh345ykjh6789', '', '100', '200', 'Delivered', '2023-02-06', NULL, ''),
(35, 9, '12345sdfgh345ykjh6789', '', '100', '200', 'Delivered', '2023-02-06', NULL, ''),
(36, 9, '12345sdfgh345ykjh6789', '', '100', '200', 'Delivered', '2023-02-06', NULL, ''),
(37, 9, '12345sdfgh345ykjh6789', '', '100', '200', 'Delivered', '2023-02-06', NULL, ''),
(38, 9, '12345sdfgh345ykjh6789', '', '100', '200', 'Delivered', '2023-02-06', NULL, ''),
(39, 9, '12345678543', 'haha', '100', '90', 'null', '2023-04-03', NULL, ''),
(40, 9, '12345678543', 'haha', '100', '90', 'null', '2023-04-03', NULL, ''),
(41, 9, '12345678543', 'haha', '100', '90', 'null', '2023-04-03', NULL, ''),
(42, 9, '12345678543', 'haha', '100', '90', 'null', '2023-04-03', NULL, ''),
(43, 9, '12345678543', 'haha', '100', '90', 'null', '2023-04-03', NULL, ''),
(44, 9, '1234567898765345', '', '100', '3076', 'null', '2023-04-03', NULL, ''),
(45, 9, '12345678543', 'haha', '100', '90', 'null', '2023-04-03', NULL, ''),
(46, 9, '12345678543', 'haha', '100', '90', 'null', '2023-04-03', NULL, ''),
(47, 9, '1234567898765345', '', '100', '3076', 'null', '2023-04-03', NULL, ''),
(48, 9, '1234567898765345', 'Hasan', '100', '3076', 'null', '2023-04-03', NULL, ''),
(49, 9, '1234567898765345', 'DELL Inspiron 15 7000 15.6', '100', '3076', 'null', '2023-04-03', NULL, ''),
(50, 9, '1234567898765345', 'DELL Inspiron 15 7000 15.6', '100', '3076', 'null', '2023-04-03', NULL, ''),
(51, 9, '1234567898765345', 'DELL Inspiron 15 7000 15.6', '100', '3076', 'Pending', '2023-04-16', NULL, ''),
(52, 9, '1234567898765345', 'DELL Inspiron 15 7000 15.6', '100', '3076', 'null', '2023-04-16', NULL, ''),
(53, 1, '12312313123', NULL, '30', '1231', 'Pending', '2023-04-17', NULL, ''),
(54, 1, '12312313123', NULL, '30', '1231', 'Pending', '2023-04-17', NULL, ''),
(55, 1, '12312313123', NULL, '30', '1231', 'Pending', '2023-04-17', NULL, ''),
(56, 9, '1234567898765345', NULL, '100', '3076', 'null', '2023-04-17', NULL, ''),
(57, 9, '', NULL, '', '', '', '2023-04-17', NULL, ''),
(58, 1, '1234567898765345', NULL, '1', '110', 'Pending', '2023-05-13', NULL, ''),
(59, 1, '1234567898765345', NULL, '1', '110', 'Pending', '2023-05-13', NULL, ''),
(60, 1, '987654321', NULL, '1', '110', 'Pending', '2023-05-13', NULL, ''),
(61, 14, '1234567898765345', NULL, '1', '160', 'Pending', '2023-05-13', NULL, ''),
(62, 14, '1234567898765345', NULL, '1', '160', 'Pending', '2023-05-13', NULL, ''),
(63, 14, '1234567898765345', NULL, '1', '160', 'Pending', '2023-05-13', NULL, ''),
(64, 14, '1234567898765345', NULL, '1', '160', 'Pending', '2023-05-13', NULL, ''),
(65, 14, '1234567898765345', NULL, '1', '160', 'Pending', '2023-05-13', NULL, ''),
(66, 14, '1234567898765345', NULL, '1', '160', 'Pending', '2023-05-13', 1, ''),
(67, 14, '1234567898765345', NULL, '1', '160', 'Pending', '2023-05-13', NULL, ''),
(68, 14, '1234567898765345', NULL, '1', '160', 'Pending', '2023-05-13', NULL, ''),
(69, 14, '1234567898765345', NULL, '1', '160', 'Pending', '2023-05-13', 4, ''),
(70, 14, '1234567898765345', NULL, '1', '160', 'Pending', '2023-05-14', 1, ''),
(71, 14, '1234567898765345', NULL, '1', '0', 'Pending', '2023-05-15', 4, ''),
(72, 14, '1234567898765345', NULL, '1', '0', 'Pending', '2023-05-15', 1, ''),
(73, 14, '1234567898765345', NULL, '1', '0', 'Pending', '2023-05-15', 4, ''),
(74, 14, '1234567898765345', NULL, '1', '0', 'Pending', '2023-05-15', 1, ''),
(75, 14, '1234567898765345', NULL, '1', '80', 'Pending', '2023-05-15', 4, ''),
(76, 14, '1234567898765345', NULL, '100', '260', 'Pending', '2023-05-15', 1, ''),
(77, 14, '1234567898765345', NULL, '100', '260', 'Pending', '2023-05-15', 4, ''),
(78, 14, '1234567898765345', NULL, '100', '170', 'Pending', '2023-05-15', 4, ''),
(79, 14, '1234567898765345', NULL, '100', '460', 'Pending', '2023-05-15', 4, '');

-- --------------------------------------------------------

--
-- Table structure for table `tblexpense`
--

CREATE TABLE `tblexpense` (
  `id` int(11) NOT NULL,
  `UserId` int(200) NOT NULL,
  `ExpenseDate` date DEFAULT NULL,
  `ExpenseItem` varchar(200) DEFAULT NULL,
  `ExpenseCost` varchar(200) DEFAULT NULL,
  `Quantity` text DEFAULT NULL,
  `NoteDate` timestamp NULL DEFAULT current_timestamp()
) ENGINE=InnoDB DEFAULT CHARSET=utf8mb4;

--
-- Dumping data for table `tblexpense`
--

INSERT INTO `tblexpense` (`id`, `UserId`, `ExpenseDate`, `ExpenseItem`, `ExpenseCost`, `Quantity`, `NoteDate`) VALUES
(1, 0, '2023-02-21', 'testItem', '500', NULL, '2023-02-21 09:19:07'),
(2, 10, '2023-02-21', 'testItem', '1000', NULL, '2023-02-21 12:06:17'),
(3, 0, '2023-02-24', 'test', '100', '2', '2023-02-24 14:35:44'),
(4, 0, '2023-02-25', 'itemtestitem', '500', NULL, '2023-02-25 11:26:09'),
(5, 0, '2023-02-25', 'testItem', '500', '', '2023-02-25 11:31:34'),
(6, 0, '2023-02-25', 'itemtestitem', '500', '2', '2023-02-25 11:34:18'),
(7, 0, '2023-02-25', 'burger', '500', '4', '2023-02-25 12:19:21'),
(8, 1, '2023-02-25', 'itemtestitem', '500', '2', '2023-02-25 12:25:33'),
(9, 1, '2023-06-01', 'paaaaaaaaaaaaaaai', '1000', '5', '2023-06-01 15:00:39');

-- --------------------------------------------------------

--
-- Table structure for table `users`
--

CREATE TABLE `users` (
  `id` int(11) NOT NULL,
  `email` varchar(200) NOT NULL,
  `password` varchar(60) NOT NULL,
  `type` int(1) NOT NULL,
  `firstname` varchar(50) NOT NULL,
  `lastname` varchar(50) NOT NULL,
  `address` text NOT NULL,
  `contact_info` varchar(100) NOT NULL,
  `photo` varchar(200) NOT NULL,
  `status` int(1) NOT NULL,
  `activate_code` varchar(15) NOT NULL,
  `reset_code` varchar(15) NOT NULL,
  `created_on` date NOT NULL
) ENGINE=InnoDB DEFAULT CHARSET=latin1;

--
-- Dumping data for table `users`
--

INSERT INTO `users` (`id`, `email`, `password`, `type`, `firstname`, `lastname`, `address`, `contact_info`, `photo`, `status`, `activate_code`, `reset_code`, `created_on`) VALUES
(1, 'admin@admin.com', '$2y$10$0SHFfoWzz8WZpdu9Qw//E.tWamILbiNCX7bqhy3od0gvK5.kSJ8N2', 1, 'PANI', 'LAO', '', '', 'images.jpg', 1, '', '', '2018-05-01'),
(9, 'harry@den.com', '$2y$10$Oongyx.Rv0Y/vbHGOxywl.qf18bXFiZOcEaI4ZpRRLzFNGKAhObSC', 0, 'Harry', 'Den', 'Silay City, Negros Occidental', '09092735719', 'male2.png', 1, 'k8FBpynQfqsv', 'wzPGkX5IODlTYHg', '2018-05-09'),
(12, 'christine@gmail.com', '$2y$10$ozW4c8r313YiBsf7HD7m6egZwpvoE983IHfZsPRxrO1hWXfPRpxHO', 0, 'Christine', 'becker', 'demo', '7542214500', 'female3.jpg', 1, '', '', '2018-07-09'),
(14, 'afzaal@panilao.com', '12345678', 0, 'Afzaal', 'Hussain', 'saaadi town', '', '', 1, '4d4533133e0869c', '', '0000-00-00');

--
-- Indexes for dumped tables
--

--
-- Indexes for table `cart`
--
ALTER TABLE `cart`
  ADD PRIMARY KEY (`id`);

--
-- Indexes for table `category`
--
ALTER TABLE `category`
  ADD PRIMARY KEY (`id`);

--
-- Indexes for table `delivery_details`
--
ALTER TABLE `delivery_details`
  ADD PRIMARY KEY (`id`);

--
-- Indexes for table `details`
--
ALTER TABLE `details`
  ADD PRIMARY KEY (`id`);

--
-- Indexes for table `location`
--
ALTER TABLE `location`
  ADD PRIMARY KEY (`id`);

--
-- Indexes for table `products`
--
ALTER TABLE `products`
  ADD PRIMARY KEY (`id`);

--
-- Indexes for table `riders`
--
ALTER TABLE `riders`
  ADD PRIMARY KEY (`id`);

--
-- Indexes for table `sales`
--
ALTER TABLE `sales`
  ADD PRIMARY KEY (`id`);

--
-- Indexes for table `tblexpense`
--
ALTER TABLE `tblexpense`
  ADD PRIMARY KEY (`id`);

--
-- Indexes for table `users`
--
ALTER TABLE `users`
  ADD PRIMARY KEY (`id`);

--
-- AUTO_INCREMENT for dumped tables
--

--
-- AUTO_INCREMENT for table `cart`
--
ALTER TABLE `cart`
  MODIFY `id` int(11) NOT NULL AUTO_INCREMENT, AUTO_INCREMENT=71;

--
-- AUTO_INCREMENT for table `category`
--
ALTER TABLE `category`
  MODIFY `id` int(11) NOT NULL AUTO_INCREMENT, AUTO_INCREMENT=9;

--
-- AUTO_INCREMENT for table `delivery_details`
--
ALTER TABLE `delivery_details`
  MODIFY `id` int(11) NOT NULL AUTO_INCREMENT, AUTO_INCREMENT=11;

--
-- AUTO_INCREMENT for table `details`
--
ALTER TABLE `details`
  MODIFY `id` int(11) NOT NULL AUTO_INCREMENT, AUTO_INCREMENT=1320;

--
-- AUTO_INCREMENT for table `location`
--
ALTER TABLE `location`
  MODIFY `id` int(11) NOT NULL AUTO_INCREMENT, AUTO_INCREMENT=236;

--
-- AUTO_INCREMENT for table `products`
--
ALTER TABLE `products`
  MODIFY `id` int(11) NOT NULL AUTO_INCREMENT, AUTO_INCREMENT=44;

--
-- AUTO_INCREMENT for table `riders`
--
ALTER TABLE `riders`
  MODIFY `id` int(10) NOT NULL AUTO_INCREMENT, AUTO_INCREMENT=5;

--
-- AUTO_INCREMENT for table `sales`
--
ALTER TABLE `sales`
  MODIFY `id` int(11) NOT NULL AUTO_INCREMENT, AUTO_INCREMENT=80;

--
-- AUTO_INCREMENT for table `tblexpense`
--
ALTER TABLE `tblexpense`
  MODIFY `id` int(11) NOT NULL AUTO_INCREMENT, AUTO_INCREMENT=10;

--
-- AUTO_INCREMENT for table `users`
--
ALTER TABLE `users`
  MODIFY `id` int(11) NOT NULL AUTO_INCREMENT, AUTO_INCREMENT=15;
COMMIT;

/*!40101 SET CHARACTER_SET_CLIENT=@OLD_CHARACTER_SET_CLIENT */;
/*!40101 SET CHARACTER_SET_RESULTS=@OLD_CHARACTER_SET_RESULTS */;
/*!40101 SET COLLATION_CONNECTION=@OLD_COLLATION_CONNECTION */;
